"gamma0","gamma_Hattacks","gamma_Fattacks","gamma_lag","gamma_Hattacks:lag","gamma_Fattacks:lag","sigma"
0.00113281941086128,-0.000752703713847977,-0.000149811840115909,-0.00010421774977623,8.15998291642157e-05,-3.48798685730793e-06,5.89749889764015e-06
-0.000752703713847977,0.00176019689437651,-0.000518434112406421,0.000107433941885129,-0.000236075968815134,7.90952416176578e-05,8.5741989423751e-06
-0.000149811840115909,-0.000518434112406421,0.00619544783097889,2.74566012847856e-05,3.41995236195219e-05,-0.000881835863390618,3.22005315120157e-06
-0.00010421774977623,0.000107433941885129,2.74566012847856e-05,3.43933590352562e-05,-3.45144671510097e-05,-1.12612181607304e-05,1.29424084910106e-06
8.15998291642157e-05,-0.000236075968815134,3.41995236195219e-05,-3.45144671510097e-05,8.25927438514104e-05,-1.81904031399513e-05,-5.21261004372655e-06
-3.48798685730793e-06,7.90952416176578e-05,-0.000881835863390618,-1.12612181607304e-05,-1.81904031399513e-05,0.000329979846944902,9.44669633830989e-07
5.89749889764015e-06,8.5741989423751e-06,3.22005315120157e-06,1.29424084910106e-06,-5.21261004372655e-06,9.44669633830989e-07,7.21002618880177e-05
